Name of Diseases,URLs associated with diseases,URLs of Icon images,Location of images
Acne affecting the back,/topics/acne-affecting-the-back-images/?stage=Live,https://dermnetnz.org/assets/manualthumbnails/acne/acne-back/preview/141__FocusFillWzE1MCwxMTAsInkiLDFd.jpg,Images/Acne_affecting_the_back.png
Acne affecting the face,/topics/acne-face-images/?stage=Live,https://dermnetnz.org/assets/Uploads/Screen-Shot-2018-01-25-at-8__FocusFillWzE1MCwxMTAsIngiLDFd.28.37-PM.png,Images/Acne_affecting_the_face.png
Acne and other follicular disorder,/image-catalogue/acne-and-other-follicular-disorder-images/?stage=Live,https://dermnetnz.org/assets/Uploads/ocular-rosacea-s__FocusFillWzE1MCwxMTAsInkiLDFd.jpg,Images/Acne_and_other_follicular_disorder.png
Acquired dermal macular hyperpigmentation,/topics/acquired-dermal-macular-hyperpigmentation-images/?stage=Live,https://dermnetnz.org/assets/Uploads/scaly/lp-pigmentosus1__FocusFillWzE1MCwxMTAsInkiLDFd.jpg,Images/Acquired_dermal_macular_hyperpigmentation.png
Acral lentiginous melanoma,/topics/acral-lentiginous-melanoma-images/?stage=Live,https://dermnetnz.org/assets/Uploads/20160516-165503__FocusFillWzE1MCwxMTAsInkiLDFd.JPG,Images/Acral_lentiginous_melanoma.png
Actinic keratosis affecting the face,/topics/actinic-keratosis-face-images/?stage=Live,https://dermnetnz.org/assets/Uploads/248__FocusFillWzE1MCwxMTAsInkiLDFd.jpg,Images/Actinic_keratosis_affecting_the_face.png
Actinic keratosis affecting the hand,/topics/actinic-keratosis-affecting-the-hand-images/?stage=Live,https://dermnetnz.org/assets/Uploads/393__FocusFillWzE1MCwxMTAsInkiLDFd.jpg,Images/Actinic_keratosis_affecting_the_hand.png
Actinic keratosis affecting the legs and feet,/topics/actinic-keratosis-leg-and-foot-images/?stage=Live,https://dermnetnz.org/assets/Uploads/478__FocusFillWzE1MCwxMTAsInkiLDFd.jpg,Images/Actinic_keratosis_affecting_the_legs_and_feet.png
Actinic keratosis affecting the scalp,/topics/actinic-keratosis-scalp-images/?stage=Live,https://dermnetnz.org/assets/Uploads/418__FocusFillWzE1MCwxMTAsInkiLDFd.jpg,Images/Actinic_keratosis_affecting_the_scalp.png
Actinic keratosis dermoscopy,/topics/actinic-keratosis-dermoscopy-images/?stage=Live,https://dermnetnz.org/assets/Uploads/lesions/ak-face/actinic-keratosis-dermoscopy9__FocusFillWzE1MCwxMTAsInkiLDFd.jpg,Images/Actinic_keratosis_dermoscopy.png
Actinic keratosis on the nose,/topics/actinic-keratosis-on-the-nose-images/?stage=Live,https://dermnetnz.org/assets/Uploads/sks-nose3-s__FocusFillWzE1MCwxMTAsInkiLDFd.jpg,Images/Actinic_keratosis_on_the_nose.png
Actinic keratosis treated with imiquimod,/topics/actinic-keratosis-imiquimod-images/?stage=Live,https://dermnetnz.org/assets/Uploads/3723__FocusFillWzE1MCwxMTAsInkiLDFd.jpg,Images/Actinic_keratosis_treated_with_imiquimod.png
Adalimumab,/topics/adalimumab-images/?stage=Live,https://dermnetnz.org/assets/Uploads/adalimumab3-s__FocusFillWzE1MCwxMTAsInkiLDFd.jpg,Images/Adalimumab.png
Alopecia areata,/images/alopecia-areata-images/?stage=Live,https://dermnetnz.org/assets/Uploads/1323__FocusFillWzE1MCwxMTAsInkiLDIzXQ.jpg,Images/Alopecia_areata.png
Amelanotic melanoma,/images/amelanotic-melanoma-images/?stage=Live,https://dermnetnz.org/assets/Uploads/12a-amelanotic-melanoma__FocusFillWzE1MCwxMTAsInkiLDFd.jpg,Images/Amelanotic_melanoma.png
Anal cancer,/topics/anal-cancer-images/?stage=Live,https://dermnetnz.org/assets/Uploads/ain-1-s-1__FocusFillWzE1MCwxMTAsInkiLDEzXQ.jpg,Images/Anal_cancer.png
Angiofibromas,/topics/angiofibromas-images/?stage=Live,https://dermnetnz.org/assets/Uploads/angiofibromas-19-s__FocusFillWzE1MCwxMTAsInkiLDFd.jpg,Images/Angiofibromas.png
Angiokeratomas,/topics/angiokeratoma-images/?stage=Live,https://dermnetnz.org/assets/Uploads/angiokeratoma-2__FocusFillWzE1MCwxMTAsInkiLDFd.JPG,Images/Angiokeratomas.png
Angular cheilitis,/images/angular-cheilitis-images/?stage=Live,https://dermnetnz.org/assets/Uploads/perleche13-s__FocusFillWzE1MCwxMTAsInkiLDFd.jpg,Images/Angular_cheilitis.png
Arthropod bites,/image-catalogue/insect-mite-and-worm-bite-images/?stage=Live,https://dermnetnz.org/assets/Uploads/leishmaniasis2__FocusFillWzE1MCwxMTAsInkiLDFd.jpg,Images/Arthropod_bites.png
Atopic dermatitis,/images/atopic-dermatitis-images/?stage=Live,https://dermnetnz.org/assets/Uploads/atopic26-s__FocusFillWzE1MCwxMTAsInkiLDFd.jpg,Images/Atopic_dermatitis.png
Atopic eczema,/images/atopic-dermatitis-images/?stage=Live,https://dermnetnz.org/assets/Uploads/atopic26-s__FocusFillWzE1MCwxMTAsInkiLDFd.jpg,Images/Atopic_eczema.png
Atopic flexural eczema,/topics/atopic-flexural-eczema-images/?stage=Live,https://dermnetnz.org/assets/Uploads/flexural-eczema10-s__FocusFillWzE1MCwxMTAsInkiLDBd.jpg,Images/Atopic_flexural_eczema.png
Atypical melanocytic naevus,/topics/atypical-naevus-images/?stage=Live,https://dermnetnz.org/assets/Uploads/604__FocusFillWzE1MCwxMTAsInkiLDFd.jpg,Images/Atypical_melanocytic_naevus.png
Atypical mycobacterial infection,/topics/atypical-mycobacterial-infection-images/?stage=Live,https://dermnetnz.org/assets/Uploads/m-marinum-2-s__FocusFillWzE1MCwxMTAsInkiLDFd.jpg,Images/Atypical_mycobacterial_infection.png
Atypical naevus,/topics/atypical-naevus-images/?stage=Live,https://dermnetnz.org/assets/Uploads/604__FocusFillWzE1MCwxMTAsInkiLDFd.jpg,Images/Atypical_naevus.png
Autoimmune alopecia,/images/alopecia-areata-images/?stage=Live,https://dermnetnz.org/assets/Uploads/1323__FocusFillWzE1MCwxMTAsInkiLDIzXQ.jpg,Images/Autoimmune_alopecia.png
B-K mole,/topics/atypical-naevus-images/?stage=Live,https://dermnetnz.org/assets/Uploads/604__FocusFillWzE1MCwxMTAsInkiLDFd.jpg,Images/B-K_mole.png
BCC affecting the ear,/topics/basal-cell-carcinoma-affecting-the-ear-images/?stage=Live,https://dermnetnz.org/assets/Uploads/0692__FocusFillWzE1MCwxMTAsInkiLDFd.jpg,Images/BCC_affecting_the_ear.png
BCC affecting the eyelid,/topics/basal-cell-carcinoma-affecting-the-eyelid-images/?stage=Live,https://dermnetnz.org/assets/Uploads/0633__FocusFillWzE1MCwxMTAsInkiLDIwXQ.jpg,Images/BCC_affecting_the_eyelid.png
BCC affecting the face,/topics/basal-cell-carcinoma-affecting-the-face-images/?stage=Live,https://dermnetnz.org/assets/Uploads/0616__FocusFillWzE1MCwxMTAsInkiLDIwXQ.jpg,Images/BCC_affecting_the_face.png
BCC affecting the nose,/topics/basal-cell-carcinoma-affecting-the-nose-images/?stage=Live,https://dermnetnz.org/assets/Uploads/0629__FocusFillWzE1MCwxMTAsInkiLDIwXQ.jpg,Images/BCC_affecting_the_nose.png
BCC affecting the trunk,/topics/basal-cell-carcinoma-affecting-the-trunk-images/?stage=Live,https://dermnetnz.org/assets/Uploads/0653__FocusFillWzE1MCwxMTAsInkiLDFd.jpg,Images/BCC_affecting_the_trunk.png
Bacteria,/image-catalogue/bacterial-skin-infection-images/?stage=Live,https://dermnetnz.org/assets/Uploads/syph6-s-2__FocusFillWzE1MCwxMTAsInkiLDFd.jpg,Images/Bacteria.png
Bacterial skin infection,/image-catalogue/bacterial-skin-infection-images/?stage=Live,https://dermnetnz.org/assets/Uploads/syph6-s-2__FocusFillWzE1MCwxMTAsInkiLDFd.jpg,Images/Bacterial_skin_infection.png
Balanitis,/topics/balanitis-images/?stage=Live,https://dermnetnz.org/assets/Uploads/balanitis4-s-1__FocusFillWzE1MCwxMTAsInkiLDIzXQ.jpg,Images/Balanitis.png
Basal cell carcinoma affecting the ear,/topics/basal-cell-carcinoma-affecting-the-ear-images/?stage=Live,https://dermnetnz.org/assets/Uploads/0692__FocusFillWzE1MCwxMTAsInkiLDFd.jpg,Images/Basal_cell_carcinoma_affecting_the_ear.png
Basal cell carcinoma affecting the eyelid,/topics/basal-cell-carcinoma-affecting-the-eyelid-images/?stage=Live,https://dermnetnz.org/assets/Uploads/0633__FocusFillWzE1MCwxMTAsInkiLDIwXQ.jpg,Images/Basal_cell_carcinoma_affecting_the_eyelid.png
Basal cell carcinoma affecting the face,/topics/basal-cell-carcinoma-affecting-the-face-images/?stage=Live,https://dermnetnz.org/assets/Uploads/0616__FocusFillWzE1MCwxMTAsInkiLDIwXQ.jpg,Images/Basal_cell_carcinoma_affecting_the_face.png
Basal cell carcinoma affecting the nose,/topics/basal-cell-carcinoma-affecting-the-nose-images/?stage=Live,https://dermnetnz.org/assets/Uploads/0629__FocusFillWzE1MCwxMTAsInkiLDIwXQ.jpg,Images/Basal_cell_carcinoma_affecting_the_nose.png
Basal cell carcinoma affecting the trunk,/topics/basal-cell-carcinoma-affecting-the-trunk-images/?stage=Live,https://dermnetnz.org/assets/Uploads/0653__FocusFillWzE1MCwxMTAsInkiLDFd.jpg,Images/Basal_cell_carcinoma_affecting_the_trunk.png
Basal cell epithelioma affecting the ear,/topics/basal-cell-carcinoma-affecting-the-ear-images/?stage=Live,https://dermnetnz.org/assets/Uploads/0692__FocusFillWzE1MCwxMTAsInkiLDFd.jpg,Images/Basal_cell_epithelioma_affecting_the_ear.png
Basal cell epithelioma affecting the eyelid,/topics/basal-cell-carcinoma-affecting-the-eyelid-images/?stage=Live,https://dermnetnz.org/assets/Uploads/0633__FocusFillWzE1MCwxMTAsInkiLDIwXQ.jpg,Images/Basal_cell_epithelioma_affecting_the_eyelid.png
Basal cell epithelioma affecting the face,/topics/basal-cell-carcinoma-affecting-the-face-images/?stage=Live,https://dermnetnz.org/assets/Uploads/0616__FocusFillWzE1MCwxMTAsInkiLDIwXQ.jpg,Images/Basal_cell_epithelioma_affecting_the_face.png
Basal cell epithelioma affecting the nose,/topics/basal-cell-carcinoma-affecting-the-nose-images/?stage=Live,https://dermnetnz.org/assets/Uploads/0629__FocusFillWzE1MCwxMTAsInkiLDIwXQ.jpg,Images/Basal_cell_epithelioma_affecting_the_nose.png
Basal cell epithelioma affecting the trunk,/topics/basal-cell-carcinoma-affecting-the-trunk-images/?stage=Live,https://dermnetnz.org/assets/Uploads/0653__FocusFillWzE1MCwxMTAsInkiLDFd.jpg,Images/Basal_cell_epithelioma_affecting_the_trunk.png
Basalioma affecting the ear,/topics/basal-cell-carcinoma-affecting-the-ear-images/?stage=Live,https://dermnetnz.org/assets/Uploads/0692__FocusFillWzE1MCwxMTAsInkiLDFd.jpg,Images/Basalioma_affecting_the_ear.png
Basalioma affecting the eyelid,/topics/basal-cell-carcinoma-affecting-the-eyelid-images/?stage=Live,https://dermnetnz.org/assets/Uploads/0633__FocusFillWzE1MCwxMTAsInkiLDIwXQ.jpg,Images/Basalioma_affecting_the_eyelid.png
Basalioma affecting the face,/topics/basal-cell-carcinoma-affecting-the-face-images/?stage=Live,https://dermnetnz.org/assets/Uploads/0616__FocusFillWzE1MCwxMTAsInkiLDIwXQ.jpg,Images/Basalioma_affecting_the_face.png
Basalioma affecting the nose ,/topics/basal-cell-carcinoma-affecting-the-nose-images/?stage=Live,https://dermnetnz.org/assets/Uploads/0629__FocusFillWzE1MCwxMTAsInkiLDIwXQ.jpg,Images/Basalioma_affecting_the_nose_.png
Basalioma affecting the trunk,/topics/basal-cell-carcinoma-affecting-the-trunk-images/?stage=Live,https://dermnetnz.org/assets/Uploads/0653__FocusFillWzE1MCwxMTAsInkiLDFd.jpg,Images/Basalioma_affecting_the_trunk.png
Behcet disease,/images/behcet-disease-images/?stage=Live,https://dermnetnz.org/assets/collection/Behcet-disease/behcet-disease-00033__FocusFillWzE1MCwxMTAsInkiLDFd.jpg,Images/Behcet_disease.png
Besnier prurigo,/images/atopic-dermatitis-images/?stage=Live,https://dermnetnz.org/assets/Uploads/atopic26-s__FocusFillWzE1MCwxMTAsInkiLDFd.jpg,Images/Besnier_prurigo.png
Bowenoid papulosis,/topics/bowenoid-papulosis-images/?stage=Live,https://dermnetnz.org/assets/Uploads/bp2__FocusFillWzE1MCwxMTAsIngiLDIzXQ.jpg,Images/Bowenoid_papulosis.png
Bullous pemphigoid,/topics/bullous-pemphigoid-images/?stage=Live,https://dermnetnz.org/assets/Uploads/3362__FocusFillWzE1MCwxMTAsInkiLDIwXQ.jpg,Images/Bullous_pemphigoid.png
COVID-19,/topics/covid-19-images/?stage=Live,https://dermnetnz.org/assets/Uploads/covid-8__FocusFillWzE1MCwxMTAsInkiLDFd.JPG,Images/COVID-19.png
"Candida affecting the lips, mouth and face",/topics/candida-affecting-the-lips-mouth-and-face-images/?stage=Live,https://dermnetnz.org/assets/Uploads/1282-big2__FocusFillWzE1MCwxMTAsInkiLDFd.jpg,"Images/Candida_affecting_the_lips,_mouth_and_face.png"
Candida albicans affecting the nail,/topics/candida-albicans-affecting-the-nail-images/?stage=Live,https://dermnetnz.org/assets/Uploads/1272__FocusFillWzE1MCwxMTAsInkiLDFd.jpg,Images/Candida_albicans_affecting_the_nail.png
Candida intertrigo,/topics/candida-intertrigo-images/?stage=Live,https://dermnetnz.org/assets/Uploads/1292__FocusFillWzE1MCwxMTAsInkiLDFd.jpg,Images/Candida_intertrigo.png
Candida vulvovaginitis,/topics/candida-vulvovaginitis-images/?stage=Live,https://dermnetnz.org/assets/Uploads/1265-small2__FocusFillWzE1MCwxMTAsInkiLDYzXQ.jpg,Images/Candida_vulvovaginitis.png
"Candidiasis affecting the lips, mouth and face",/topics/candida-affecting-the-lips-mouth-and-face-images/?stage=Live,https://dermnetnz.org/assets/Uploads/1282-big2__FocusFillWzE1MCwxMTAsInkiLDFd.jpg,"Images/Candidiasis_affecting_the_lips,_mouth_and_face.png"
"Candidosis affecting the lips, mouth and face",/topics/candida-affecting-the-lips-mouth-and-face-images/?stage=Live,https://dermnetnz.org/assets/Uploads/1282-big2__FocusFillWzE1MCwxMTAsInkiLDFd.jpg,"Images/Candidosis_affecting_the_lips,_mouth_and_face.png"
Capillaritis,/topics/capillaritis-images/?stage=Live,https://dermnetnz.org/assets/Uploads/2509__FocusFillWzE1MCwxMTAsIngiLDdd.jpg,Images/Capillaritis.png
Cherry angioma,/topics/cherry-angioma-images/?stage=Live,https://dermnetnz.org/assets/Uploads/1317__FocusFillWzE1MCwxMTAsInkiLDFd.jpg,Images/Cherry_angioma.png
Chronic plaque psoriasis,/topics/chronic-plaque-psoriasis-images/?stage=Live,https://dermnetnz.org/assets/Uploads/dscn5640__FocusFillWzE1MCwxMTAsInkiLDFd.jpg,Images/Chronic_plaque_psoriasis.png
Clark nevus,/topics/atypical-naevus-images/?stage=Live,https://dermnetnz.org/assets/Uploads/604__FocusFillWzE1MCwxMTAsInkiLDFd.jpg,Images/Clark_nevus.png
Clavus,/topics/corn-clavus-images/?stage=Live,https://dermnetnz.org/assets/Uploads/clavus11-s2__FocusFillWzE1MCwxMTAsInkiLDFd.jpg,Images/Clavus.png
Conditions affecting the ear,/topics/conditions-affecting-the-ear-images/?stage=Live,https://dermnetnz.org/assets/Uploads/keloid__FocusFillWzE1MCwxMTAsInkiLDBd.jpg,Images/Conditions_affecting_the_ear.png
Contact allergic dermatitis of the arm and leg,/topics/contact-allergic-dermatitis-of-the-arm-and-leg-images/?stage=Live,https://dermnetnz.org/assets/Uploads/2452__FocusFillWzE1MCwxMTAsInkiLDIwXQ.jpg,Images/Contact_allergic_dermatitis_of_the_arm_and_leg.png
Contact allergic dermatitis of the face,/topics/contact-allergic-dermatitis-of-the-face-images/?stage=Live,https://dermnetnz.org/assets/Uploads/2443__FocusFillWzE1MCwxMTAsInkiLDIwXQ.jpg,Images/Contact_allergic_dermatitis_of_the_face.png
Contact allergic dermatitis of the hand,/topics/contact-allergic-dermatitis-of-the-hand-images/?stage=Live,https://dermnetnz.org/assets/Uploads/eczalllehma__FocusFillWzE1MCwxMTAsInkiLDIwXQ.jpg,Images/Contact_allergic_dermatitis_of_the_hand.png
Contact allergic dermatitis of the torso,/topics/contact-allergic-dermatitis-of-the-torso-images/?stage=Live,https://dermnetnz.org/assets/Uploads/2484__FocusFillWzE1MCwxMTAsInkiLDIwXQ.jpg,Images/Contact_allergic_dermatitis_of_the_torso.png
Contact irritant dermatitis,/topics/contact-irritant-dermatitis-images/?stage=Live,https://dermnetnz.org/assets/Uploads/2512__FocusFillWzE1MCwxMTAsInkiLDFd.jpg,Images/Contact_irritant_dermatitis.png
Corn,/topics/corn-clavus-images/?stage=Live,https://dermnetnz.org/assets/Uploads/clavus11-s__FocusFillWzE1MCwxMTAsInkiLDFd.jpg,Images/Corn.png
Cutaneous horn,/topics/cutaneous-horn-images/?stage=Live,https://dermnetnz.org/assets/Uploads/horn-03-s-1__FocusFillWzE1MCwxMTAsInkiLDFd.jpg,Images/Cutaneous_horn.png
Cutaneous lupus erythematosus,/topics/cutaneous-lupus-erythematosus-images/?stage=Live,https://dermnetnz.org/assets/Uploads/lupus-facial-s__FocusFillWzE1MCwxMTAsInkiLDFd.jpg,Images/Cutaneous_lupus_erythematosus.png
Cutaneous tuberculosis,/topics/cutaneous-tuberculosis-images/?stage=Live,https://dermnetnz.org/assets/Uploads/papulonecrotic-tb1-s__FocusFillWzE1MCwxMTAsInkiLDFd.jpg,Images/Cutaneous_tuberculosis.png
Cysts affecting the vulval area,/?stage=Live,https://dermnetnz.org/assets/Uploads/2617-1__FocusFillWzE1MCwxMTAsInkiLDE2XQ.jpg,Images/Cysts_affecting_the_vulval_area.png
Deep dermal disorder,/image-catalogue/deep-dermal-disorder-images/?stage=Live,https://dermnetnz.org/assets/Uploads/lymphoma1-s__FocusFillWzE1MCwxMTAsInkiLDFd.jpg,Images/Deep_dermal_disorder.png
Dermatitis,/images/atopic-dermatitis-images/?stage=Live,https://dermnetnz.org/assets/Uploads/atopic26-s__FocusFillWzE1MCwxMTAsInkiLDFd.jpg,Images/Dermatitis.png
Dermatofibroma,/topics/dermatofibroma-images/?stage=Live,https://dermnetnz.org/assets/Uploads/2400__FocusFillWzE1MCwxMTAsInkiLDFd.jpg,Images/Dermatofibroma.png
Dermatomyositis,/topics/dermatomyositis-images/?stage=Live,https://dermnetnz.org/assets/Uploads/dermatomyositis-eyelids-4__FocusFillWzE1MCwxMTAsIngiLDhd.jpg,Images/Dermatomyositis.png
Dermographism,/topics/dermographism-images/?stage=Live,https://dermnetnz.org/assets/Uploads/dermographism04-s__FocusFillWzE1MCwxMTAsInkiLDFd.jpg,Images/Dermographism.png
Dermoscopy course,/image-catalogue/dermoscopy-course-images/?stage=Live,https://dermnetnz.org/assets/Uploads/solar-lentigo9-s__FocusFillWzE1MCwxMTAsIngiLDVd.jpg,Images/Dermoscopy_course.png
Digital myxoid cyst,/topics/digital-myxoid-cyst-images/?stage=Live,https://dermnetnz.org/assets/Uploads/myxoid3-s__FocusFillWzE1MCwxMTAsInkiLDFd.jpg,Images/Digital_myxoid_cyst.png
Discoid eczema,/images/discoid-eczema-images/?stage=Live,https://dermnetnz.org/assets/Uploads/nummular-eczema39-s__FocusFillWzE1MCwxMTAsInkiLDBd.jpg,Images/Discoid_eczema.png
Disease relating to site or age,/image-catalogue/disease-relating-to-site-or-age-images/?stage=Live,https://dermnetnz.org/assets/Uploads/eosinophilic-ulcer-s3__FocusFillWzE1MCwxMTAsInkiLDFd.jpg,Images/Disease_relating_to_site_or_age.png
Dry skin,/topics/dry-skin-images/?stage=Live,https://dermnetnz.org/assets/Uploads/2646__FocusFillWzE1MCwxMTAsInkiLDFd.jpg,Images/Dry_skin.png
Dysplastic naevi,/topics/atypical-naevus-images/?stage=Live,https://dermnetnz.org/assets/Uploads/604__FocusFillWzE1MCwxMTAsInkiLDFd.jpg,Images/Dysplastic_naevi.png
Eccrine poroma,/topics/eccrine-poroma-images/?stage=Live,https://dermnetnz.org/assets/Uploads/lesions/w/eccrine-poroma2__FocusFillWzE1MCwxMTAsInkiLDFd.jpg,Images/Eccrine_poroma.png
Ecthyma,/topics/ecthyma-images/?stage=Live,https://dermnetnz.org/assets/Uploads/ecthyma-3-s__FocusFillWzE1MCwxMTAsInkiLDBd.jpg,Images/Ecthyma.png
Eczema herpeticum,/topics/eczema-herpeticum-images/?stage=Live,https://dermnetnz.org/assets/Uploads/eczema-herpticum02-s__FocusFillWzE1MCwxMTAsInkiLDFd.jpg,Images/Eczema_herpeticum.png
Ehlers–Danlos syndrome,/topics/ehlers-danlos-syndrome-images/?stage=Live,https://dermnetnz.org/assets/Uploads/EDS-hypermobility-02__FocusFillWzE1MCwxMTAsInkiLDFd.jpg,Images/Ehlers–Danlos_syndrome.png
Enteroviral infection,/images/hand-foot-and-mouth-disease-images/?stage=Live,https://dermnetnz.org/assets/Uploads/hfm3-s2__FocusFillWzE1MCwxMTAsInkiLDFd.jpg,Images/Enteroviral_infection.png
Epidermal and pilar cyst,/topics/epidermoid-and-trichilemmal-cyst-images/?stage=Live,https://dermnetnz.org/assets/Uploads/cyst16-s__FocusFillWzE1MCwxMTAsInkiLDFd.jpg,Images/Epidermal_and_pilar_cyst.png
Epiloia,/topics/tuberous-sclerosis-images/?stage=Live,https://dermnetnz.org/assets/Uploads/angiofibromas-19-s__FocusFillWzE1MCwxMTAsInkiLDFd.jpg,Images/Epiloia.png
Epiloia,/topics/tuberous-sclerosis-images/?stage=Live,https://dermnetnz.org/assets/Uploads/tuberous-sclerosis05-s__FocusFillWzE1MCwxMTAsInkiLDFd.jpg,Images/Epiloia.png
Erythema infectiosum,/topics/erythema-infectiosum-fifth-disease-images/?stage=Live,https://dermnetnz.org/assets/Uploads/fifth05-s__FocusFillWzE1MCwxMTAsInkiLDBd.jpg,Images/Erythema_infectiosum.png
Erythema migrans,/topics/erythema-migrans-images/?stage=Live,https://dermnetnz.org/assets/Uploads/ecm-16__FocusFillWzE1MCwxMTAsInkiLDFd.JPG,Images/Erythema_migrans.png
Erythema multiforme,/topics/erythema-multiforme-images/?stage=Live,https://dermnetnz.org/assets/Uploads/emultifor3-s__FocusFillWzE1MCwxMTAsInkiLDFd.jpg,Images/Erythema_multiforme.png
Erythema nodosum,/topics/erythema-nodosum-images/?stage=Live,https://dermnetnz.org/assets/Uploads/en10-s__FocusFillWzE1MCwxMTAsInkiLDFd.jpg,Images/Erythema_nodosum.png
Erythrasma,/topics/erythrasma-images/?stage=Live,https://dermnetnz.org/assets/Uploads/erythrasma05-s__FocusFillWzE1MCwxMTAsInkiLDFd.jpg,Images/Erythrasma.png
Erythroderma,/topics/erythroderma-images/?stage=Live,https://dermnetnz.org/assets/Uploads/erythroderma-06-s__FocusFillWzE1MCwxMTAsInkiLDFd.jpg,Images/Erythroderma.png
Extragenital lichen sclerosus,/topics/extragenital-lichen-sclerosus-images/?stage=Live,https://dermnetnz.org/assets/Uploads/102__FocusFillWzE1MCwxMTAsInkiLDFd.jpg,Images/Extragenital_lichen_sclerosus.png
Eyebrow loss,/topics/madarosis-images/?stage=Live,https://dermnetnz.org/assets/Uploads/madarosis-21__FocusFillWzE1MCwxMTAsInkiLDFd.JPG,Images/Eyebrow_loss.png
Eyelash loss,/topics/madarosis-images/?stage=Live,https://dermnetnz.org/assets/Uploads/madarosis-21__FocusFillWzE1MCwxMTAsInkiLDFd.JPG,Images/Eyelash_loss.png
Eyelid dermatitis,/topics/eyelid-dermatitis-images/?stage=Live,https://dermnetnz.org/assets/Uploads/eyelid-dermatitis-06-s__FocusFillWzE1MCwxMTAsInkiLDFd.jpg,Images/Eyelid_dermatitis.png
Fabry disease,/topics/angiokeratoma-images/?stage=Live,https://dermnetnz.org/assets/Uploads/angiokeratoma-2__FocusFillWzE1MCwxMTAsInkiLDFd.JPG,Images/Fabry_disease.png
Facial acne,/topics/acne-face-images/?stage=Live,https://dermnetnz.org/assets/Uploads/Screen-Shot-2018-01-25-at-8__FocusFillWzE1MCwxMTAsIngiLDFd.28.37-PM.png,Images/Facial_acne.png
Facial psoriasis,/topics/facial-psoriasis-images/?stage=Live,https://dermnetnz.org/assets/Uploads/facial-psoriasis13-s__FocusFillWzE1MCwxMTAsInkiLDFd.jpg,Images/Facial_psoriasis.png
Fibrofolliculomas in Birt–Hogg–Dubé,/topics/fibrofolliculomas-in-birthoggdube-images/?stage=Live,https://dermnetnz.org/assets/Uploads/birt-hogg-dube-8__FocusFillWzE1MCwxMTAsInkiLDFd.JPG,Images/Fibrofolliculomas_in_Birt–Hogg–Dubé.png
Fifth disease,/topics/erythema-infectiosum-fifth-disease-images/?stage=Live,https://dermnetnz.org/assets/Uploads/fifth05-s__FocusFillWzE1MCwxMTAsInkiLDBd.jpg,Images/Fifth_disease.png
Fishtank granuloma,/topics/atypical-mycobacterial-infection-images/?stage=Live,https://dermnetnz.org/assets/Uploads/m-marinum-2-s__FocusFillWzE1MCwxMTAsInkiLDFd.jpg,Images/Fishtank_granuloma.png
Flexural psoriasis,/topics/flexural-psoriasis-images/?stage=Live,https://dermnetnz.org/assets/Uploads/psorkai3__FocusFillWzE1MCwxMTAsInkiLDFd.JPG,Images/Flexural_psoriasis.png
Folliculitis,/topics/folliculitis-images/?stage=Live,https://dermnetnz.org/assets/Uploads/2650__FocusFillWzE1MCwxMTAsInkiLDIwXQ.jpg,Images/Folliculitis.png
Folliculitis keloidalis,/topics/folliculitis-keloidalis-images/?stage=Live,https://dermnetnz.org/assets/Uploads/3720__FocusFillWzE1MCwxMTAsInkiLDFd.jpg,Images/Folliculitis_keloidalis.png
Fordyce angiokeratoma,/topics/angiokeratoma-images/?stage=Live,https://dermnetnz.org/assets/Uploads/angiokeratoma-2__FocusFillWzE1MCwxMTAsInkiLDFd.JPG,Images/Fordyce_angiokeratoma.png
Fungal skin infection,/image-catalogue/fungal-skin-infection-images/?stage=Live,https://dermnetnz.org/assets/Uploads/tinea-barbae001-s__FocusFillWzE1MCwxMTAsInkiLDFd.jpg,Images/Fungal_skin_infection.png
Generalised pustular psoriasis,/topics/generalised-pustular-psoriasis-images/?stage=Live,https://dermnetnz.org/assets/Uploads/gen-pustular-psoriasis-03__FocusFillWzE1MCwxMTAsInkiLDFd.JPG,Images/Generalised_pustular_psoriasis.png
Genital Crohn disease,/topics/genital-crohn-disease-images/?stage=Live,https://dermnetnz.org/assets/Uploads/genital-crohn-1-s__FocusFillWzE1MCwxMTAsInkiLDM5XQ.jpg,Images/Genital_Crohn_disease.png
Genital herpes,/topics/genital-herpes-images/?stage=Live,https://dermnetnz.org/assets/Uploads/hsbuttock2-s__FocusFillWzE1MCwxMTAsInkiLDFd.jpg,Images/Genital_herpes.png
Genital lichen planus,/images/genital-lichen-planus-images/?stage=Live,https://dermnetnz.org/assets/Uploads/2381-s3__FocusFillWzE1MCwxMTAsInkiLDEwXQ.jpg,Images/Genital_lichen_planus.png
Genital psoriasis,/topics/genital-psoriasis-images/?stage=Live,https://dermnetnz.org/assets/Uploads/genital-psoriasis-09-s2__FocusFillWzE1MCwxMTAsInkiLDEyXQ.jpg,Images/Genital_psoriasis.png
Genital wart,/images/genital-wart-images/?stage=Live,https://dermnetnz.org/assets/Uploads/gw2-small2__FocusFillWzE1MCwxMTAsInkiLDE1XQ.jpg,Images/Genital_wart.png
Gougerot Blum,/topics/capillaritis-images/?stage=Live,https://dermnetnz.org/assets/Uploads/2509__FocusFillWzE1MCwxMTAsIngiLDdd.jpg,Images/Gougerot_Blum.png
Gouty tophus,/topics/gouty-tophi-images/?stage=Live,https://dermnetnz.org/assets/Uploads/gout6-s__FocusFillWzE1MCwxMTAsInkiLDFd.jpg,Images/Gouty_tophus.png
Granular parakeratosis,/topics/granular-parakeratosis-images/?stage=Live,https://dermnetnz.org/assets/Uploads/granular-parakeratosis-8__FocusFillWzE1MCwxMTAsInkiLDFd.jpg,Images/Granular_parakeratosis.png
Granuloma annulare,/topics/granuloma-annulare-images/?stage=Live,https://dermnetnz.org/assets/Uploads/ga12-s__FocusFillWzE1MCwxMTAsInkiLDFd.jpg,Images/Granuloma_annulare.png
Grover disease,/topics/transient-acantholytic-dermatosis-images/?stage=Live,https://dermnetnz.org/assets/Uploads/scaly/grovers-disease/2729__FocusFillWzE1MCwxMTAsInkiLDFd.jpg,Images/Grover_disease.png
Guttate psoriasis,/topics/guttate-psoriasis-images/?stage=Live,https://dermnetnz.org/assets/Uploads/2756__FocusFillWzE1MCwxMTAsInkiLDFd.jpg,Images/Guttate_psoriasis.png
"Hair, scalp, nail and sweat",/image-catalogue/hair-scalp-nail-and-sweat-images/?stage=Live,https://dermnetnz.org/assets/Uploads/woolly-hair-naevus2-s2__FocusFillWzE1MCwxMTAsInkiLDFd.jpg,"Images/Hair,_scalp,_nail_and_sweat.png"
Halo mole,/topics/halo-mole-images/?stage=Live,https://dermnetnz.org/assets/Uploads/bml-h2-thunmbnail__FocusFillWzE1MCwxMTAsInkiLDFd.jpg,Images/Halo_mole.png
Hand dermatitis,/topics/hand-dermatitis-images/?stage=Live,https://dermnetnz.org/assets/Uploads/2808__FocusFillWzE1MCwxMTAsInkiLDIwXQ.jpg,Images/Hand_dermatitis.png
Hand foot and mouth disease,/images/hand-foot-and-mouth-disease-images/?stage=Live,https://dermnetnz.org/assets/Uploads/hfm3-s3__FocusFillWzE1MCwxMTAsInkiLDFd.jpg,Images/Hand_foot_and_mouth_disease.png
Herpes simplex,/topics/herpes-simplex-images/?stage=Live,https://dermnetnz.org/assets/Uploads/2881__FocusFillWzE1MCwxMTAsInkiLDFd.jpg,Images/Herpes_simplex.png
Herpes zoster,/topics/herpes-zoster-images/?stage=Live,https://dermnetnz.org/assets/Uploads/zoster-14-s__FocusFillWzE1MCwxMTAsInkiLDFd.jpg,Images/Herpes_zoster.png
Hidradenitis suppurativa,/topics/hidradenitis-suppurativa-images/?stage=Live,https://dermnetnz.org/assets/Uploads/hs-axilla-54__FocusFillWzE1MCwxMTAsInkiLDFd.JPG,Images/Hidradenitis_suppurativa.png
Hidrocystoma,/topics/hidrocystoma-images/?stage=Live,https://dermnetnz.org/assets/Uploads/hidrocystoma-3__FocusFillWzE1MCwxMTAsInkiLDFd.jpg,Images/Hidrocystoma.png
Hypomelanotic malignant melanoma,/images/amelanotic-melanoma-images/?stage=Live,https://dermnetnz.org/assets/Uploads/12a-amelanotic-melanoma__FocusFillWzE1MCwxMTAsInkiLDFd.jpg,Images/Hypomelanotic_malignant_melanoma.png
Ichthyosis,/topics/ichthyosis-images/?stage=Live,https://dermnetnz.org/assets/Uploads/ichthyosis-25-s__FocusFillWzE1MCwxMTAsInkiLDFd.jpg,Images/Ichthyosis.png
Immunological disorder,/image-catalogue/immunological-disorder-images/?stage=Live,https://dermnetnz.org/assets/Uploads/htrophicle-s__FocusFillWzE1MCwxMTAsInkiLDFd.jpg,Images/Immunological_disorder.png
Impetigo,/images/impetigo-images/?stage=Live,https://dermnetnz.org/assets/Uploads/impet8-s__FocusFillWzE1MCwxMTAsInkiLDFd.jpg,Images/Impetigo.png
In situ squamous cell carcinoma,/topics/intraepidermal-carcinoma-images/?stage=Live,https://dermnetnz.org/assets/Uploads/2916__FocusFillWzE1MCwxMTAsInkiLDFd.jpg,Images/In_situ_squamous_cell_carcinoma.png
Infantile acne,/topics/infantile-acne-images/?stage=Live,https://dermnetnz.org/assets/Uploads/infantile-acne1-s__FocusFillWzE1MCwxMTAsInkiLDFd.jpg,Images/Infantile_acne.png
Infantile papular acrodermatitis,/topics/infantile-papular-acrodermatitis-images/?stage=Live,https://dermnetnz.org/assets/Uploads/gcs09-s__FocusFillWzE1MCwxMTAsInkiLDFd.jpg,Images/Infantile_papular_acrodermatitis.png
Insect bite,/topics/insect-bite-images/?stage=Live,https://dermnetnz.org/assets/Uploads/bites-s__FocusFillWzE1MCwxMTAsInkiLDFd.jpg,Images/Insect_bite.png
"Insect, mite and worm bite",/image-catalogue/insect-mite-and-worm-bite-images/?stage=Live,https://dermnetnz.org/assets/Uploads/leishmaniasis1__FocusFillWzE1MCwxMTAsInkiLDFd.jpg,"Images/Insect,_mite_and_worm_bite.png"
Juvenile plantar dermatosis,/topics/juvenile-plantar-dermatosis-images/?stage=Live,https://dermnetnz.org/assets/Uploads/jpd10-s__FocusFillWzE1MCwxMTAsInkiLDFd.jpg,Images/Juvenile_plantar_dermatosis.png
Kaposi sarcoma,/topics/kaposi-sarcoma-images/?stage=Live,https://dermnetnz.org/assets/Uploads/plaque2__FocusFillWzE1MCwxMTAsIngiLDZd.jpg,Images/Kaposi_sarcoma.png
Keloid,/images/keloid-images/?stage=Live,https://dermnetnz.org/assets/Uploads/keloid22-s__FocusFillWzE1MCwxMTAsInkiLDFd.jpg,Images/Keloid.png
Keratoacanthoma,/topics/keratoacanthoma-images/?stage=Live,https://dermnetnz.org/assets/Uploads/3001__FocusFillWzE1MCwxMTAsInkiLDFd.jpg,Images/Keratoacanthoma.png
Keratolytic winter erythema,/topics/keratolytic-winter-erythema-images/?stage=Live,https://dermnetnz.org/assets/Uploads/keratolytic-winter-erythema-08__FocusFillWzE1MCwxMTAsIngiLDdd.jpg,Images/Keratolytic_winter_erythema.png
Keratosis pilaris,/topics/keratosis-pilaris-images/?stage=Live,https://dermnetnz.org/assets/Uploads/3014__FocusFillWzE1MCwxMTAsInkiLDFd.jpg,Images/Keratosis_pilaris.png
Kerion,/topics/kerion-images/?stage=Live,https://dermnetnz.org/assets/Uploads/kerion09-s__FocusFillWzE1MCwxMTAsInkiLDFd.jpg,Images/Kerion.png
Labial fusion,/topics/labial-fusion-images/?stage=Live,https://dermnetnz.org/assets/Uploads/labial-fusion05-s__FocusFillWzE1MCwxMTAsInkiLDUwXQ.jpg,Images/Labial_fusion.png
Lax beetle,/topics/?stage=Live,https://dermnetnz.org/assets/Uploads/lax-beetle-3__FocusFillWzE1MCwxMTAsInkiLDFd.jpg,Images/Lax_beetle.png
Leg ulcer,/topics/leg-ulcer-images/?stage=Live,https://dermnetnz.org/assets/Uploads/3061__FocusFillWzE1MCwxMTAsInkiLDQ1XQ.jpg,Images/Leg_ulcer.png
Leishmaniasis,/?stage=Live,https://dermnetnz.org/assets/Uploads/cutaneous-leishmaniasis-19-v3__FocusFillWzE1MCwxMTAsInkiLDFd.JPG,Images/Leishmaniasis.png
Lentigo,/topics/lentigo-images/?stage=Live,https://dermnetnz.org/assets/Uploads/lentigo10-s__FocusFillWzE1MCwxMTAsInkiLDFd.jpg,Images/Lentigo.png
Lentigo maligna melanoma,/images/lentigo-maligna-melanoma-images/?stage=Live,https://dermnetnz.org/assets/Uploads/lmm5-big2__FocusFillWzE1MCwxMTAsInkiLDFd.jpg,Images/Lentigo_maligna_melanoma.png
"Lesion, tumour and cancer",/image-catalogue/lesion-tumour-and-cancer-images/?stage=Live,https://dermnetnz.org/assets/Uploads/ep-n5-s__FocusFillWzE1MCwxMTAsInkiLDFd.jpg,"Images/Lesion,_tumour_and_cancer.png"
Lichen aureus,/topics/capillaritis-images/?stage=Live,https://dermnetnz.org/assets/Uploads/2509__FocusFillWzE1MCwxMTAsIngiLDdd.jpg,Images/Lichen_aureus.png
Lichen planus,/images/lichen-planus-images/?stage=Live,https://dermnetnz.org/assets/Uploads/3078__FocusFillWzE1MCwxMTAsInkiLDFd.jpg,Images/Lichen_planus.png
Lichen planus nail,/images/nail-lichen-planus-images/?stage=Live,https://dermnetnz.org/assets/Uploads/lichen-planus-matrix-2-s__FocusFillWzE1MCwxMTAsInkiLDFd.jpg,Images/Lichen_planus_nail.png
Lichen simplex,/?stage=Live,https://dermnetnz.org/assets/Uploads/3118__FocusFillWzE1MCwxMTAsIngiLDdd.jpg,Images/Lichen_simplex.png
Lipodermatosclerosis,/topics/lipodermatosclerosis-images/?stage=Live,https://dermnetnz.org/assets/Uploads/acute-lipodermatosclerosis-06__FocusFillWzE1MCwxMTAsInkiLDFd.JPG,Images/Lipodermatosclerosis.png
Loss of eyebrows,/topics/madarosis-images/?stage=Live,https://dermnetnz.org/assets/Uploads/madarosis-21__FocusFillWzE1MCwxMTAsInkiLDFd.JPG,Images/Loss_of_eyebrows.png
Loss of eyelashes,/topics/madarosis-images/?stage=Live,https://dermnetnz.org/assets/Uploads/madarosis-21__FocusFillWzE1MCwxMTAsInkiLDFd.JPG,Images/Loss_of_eyelashes.png
Madarosis,/topics/madarosis-images/?stage=Live,https://dermnetnz.org/assets/Uploads/madarosis-21__FocusFillWzE1MCwxMTAsInkiLDFd.JPG,Images/Madarosis.png
Majocchi purpura,/topics/capillaritis-images/?stage=Live,https://dermnetnz.org/assets/Uploads/2509__FocusFillWzE1MCwxMTAsIngiLDdd.jpg,Images/Majocchi_purpura.png
Mammmary and extramammary Paget disease,/topics/mammary-and-extramammary-paget-disease-of-the-skin-images/?stage=Live,https://dermnetnz.org/assets/Uploads/extra-paget-04__FocusFillWzE1MCwxMTAsInkiLDFd.JPG,Images/Mammmary_and_extramammary_Paget_disease.png
Measles,/topics/measles-images/?stage=Live,https://dermnetnz.org/assets/Uploads/measles10-s__FocusFillWzE1MCwxMTAsInkiLDFd.jpg,Images/Measles.png
Melanoma in situ,/topics/melanoma-in-situ-images/?stage=Live,https://dermnetnz.org/assets/Uploads/alm17__FocusFillWzE1MCwxMTAsInkiLDFd.jpg,Images/Melanoma_in_situ.png
Melanoma of nail unit,/topics/melanoma-of-nail-unit-images/?stage=Live,https://dermnetnz.org/assets/Uploads/melanoma-s2__FocusFillWzE1MCwxMTAsInkiLDFd.jpg,Images/Melanoma_of_nail_unit.png
Melanonychia,/topics/melanonychia-images/?stage=Live,https://dermnetnz.org/assets/Uploads/melanonychia-08-s__FocusFillWzE1MCwxMTAsInkiLDBd.jpg,Images/Melanonychia.png
Melasma,/topics/melasma-images/?stage=Live,https://dermnetnz.org/assets/Uploads/3130__FocusFillWzE1MCwxMTAsInkiLDFd.jpg,Images/Melasma.png
Metastatic melanoma,/topics/metastatic-melanoma-images/?stage=Live,https://dermnetnz.org/assets/Uploads/metastatic-melanoma-008__FocusFillWzE1MCwxMTAsIngiLDdd.JPG,Images/Metastatic_melanoma.png
Milia,/topics/milia-images/?stage=Live,https://dermnetnz.org/assets/Uploads/milia-18__FocusFillWzE1MCwxMTAsInkiLDFd.jpg,Images/Milia.png
Mole,/topics/mole-images/?stage=Live,https://dermnetnz.org/assets/Uploads/3180__FocusFillWzE1MCwxMTAsInkiLDFd.jpg,Images/Mole.png
Molluscum contagiosum,/topics/molluscum-contagiosum-images/?stage=Live,https://dermnetnz.org/assets/Uploads/molluscum50-s__FocusFillWzE1MCwxMTAsInkiLDBd.jpg,Images/Molluscum_contagiosum.png
"Moniliasis affecting the lips, mouth and face",/topics/candida-affecting-the-lips-mouth-and-face-images/?stage=Live,https://dermnetnz.org/assets/Uploads/1282-big2__FocusFillWzE1MCwxMTAsInkiLDFd.jpg,"Images/Moniliasis_affecting_the_lips,_mouth_and_face.png"
Morphea,/topics/morphoea-images/?stage=Live,https://dermnetnz.org/assets/Uploads/3193__FocusFillWzE1MCwxMTAsInkiLDIwXQ.jpg,Images/Morphea.png
Nail psoriasis,/topics/nail-psoriasis-images/?stage=Live,https://dermnetnz.org/assets/Uploads/3227__FocusFillWzE1MCwxMTAsInkiLDIwXQ.jpg,Images/Nail_psoriasis.png
Necrotising fasciitis,/topics/necrotising-fasciitis-images/?stage=Live,https://dermnetnz.org/assets/Uploads/nec-fas9-s__FocusFillWzE1MCwxMTAsInkiLDFd.jpg,Images/Necrotising_fasciitis.png
Neurofibromatosis,/topics/neurofibromatosis-images/?stage=Live,https://dermnetnz.org/assets/Uploads/nf7__FocusFillWzE1MCwxMTAsInkiLDFd.jpg,Images/Neurofibromatosis.png
Nodular BCC,/topics/nodular-bcc-images/?stage=Live,https://dermnetnz.org/assets/Uploads/nBCC__FocusFillWzE1MCwxMTAsIngiLDdd.jpg,Images/Nodular_BCC.png
Nodular basal cell carcinoma,/topics/nodular-bcc-images/?stage=Live,https://dermnetnz.org/assets/Uploads/nBCC3__FocusFillWzE1MCwxMTAsIngiLDdd.jpg,Images/Nodular_basal_cell_carcinoma.png
Nodular melanoma,/images/nodular-melanoma-images/?stage=Live,https://dermnetnz.org/assets/Uploads/nm3-s__FocusFillWzE1MCwxMTAsInkiLDFd.jpg,Images/Nodular_melanoma.png
Nontuberculous mycobacteria,/topics/atypical-mycobacterial-infection-images/?stage=Live,https://dermnetnz.org/assets/Uploads/m-marinum-2-s__FocusFillWzE1MCwxMTAsInkiLDFd.jpg,Images/Nontuberculous_mycobacteria.png
Nummular dermatitis,/images/discoid-eczema-images/?stage=Live,https://dermnetnz.org/assets/Uploads/nummular-eczema39-s__FocusFillWzE1MCwxMTAsInkiLDBd.jpg,Images/Nummular_dermatitis.png
Orf,/topics/orf-images/?stage=Live,https://dermnetnz.org/assets/Uploads/orf15-s__FocusFillWzE1MCwxMTAsInkiLDBd.jpg,Images/Orf.png
PMLE,/images/polymorphic-light-eruption-images/?stage=Live,https://dermnetnz.org/assets/Uploads/pmle-12__FocusFillWzE1MCwxMTAsInkiLDFd.jpg,Images/PMLE.png
Palmoplantar psoriasis,/topics/palmoplantar-psoriasis-images/?stage=Live,https://dermnetnz.org/assets/Uploads/ppps03-s__FocusFillWzE1MCwxMTAsIngiLDld.jpg,Images/Palmoplantar_psoriasis.png
Palmoplantar pustulosis,/topics/palmoplantar-pustulosis-images/?stage=Live,https://dermnetnz.org/assets/Uploads/palmar-pustulosis-01__FocusFillWzE1MCwxMTAsIngiLDld.JPG,Images/Palmoplantar_pustulosis.png
Paronychia,/topics/paronychia-images/?stage=Live,https://dermnetnz.org/assets/Uploads/3295__FocusFillWzE1MCwxMTAsInkiLDFd.jpg,Images/Paronychia.png
Patch test,/topics/patch-test-images/?stage=Live,https://dermnetnz.org/assets/Uploads/3312__FocusFillWzE1MCwxMTAsInkiLDFd.jpg,Images/Patch_test.png
Pemphigus vulgaris,/images/pemphigus-vulgaris-images/?stage=Live,https://dermnetnz.org/assets/Uploads/pemphigus-vulgaris-20__FocusFillWzE1MCwxMTAsInkiLDFd.JPG,Images/Pemphigus_vulgaris.png
Penile epithelial neoplasia,/topics/penile-epithelial-neoplasia-images/?stage=Live,https://dermnetnz.org/assets/Uploads/pin1-1__FocusFillWzE1MCwxMTAsInkiLDhd.jpg,Images/Penile_epithelial_neoplasia.png
Penile infections,/topics/balanitis-images/?stage=Live,https://dermnetnz.org/assets/Uploads/balanitis4-s-1__FocusFillWzE1MCwxMTAsInkiLDIzXQ.jpg,Images/Penile_infections.png
Penile lichen planus,/images/genital-lichen-planus-images/?stage=Live,https://dermnetnz.org/assets/Uploads/2381-s3__FocusFillWzE1MCwxMTAsInkiLDEwXQ.jpg,Images/Penile_lichen_planus.png
Penile lichen sclerosus,/topics/penile-lichen-sclerosus-images/?stage=Live,https://dermnetnz.org/assets/Uploads/088-small__FocusFillWzE1MCwxMTAsInkiLDQ0XQ.jpg,Images/Penile_lichen_sclerosus.png
Penile pearly papules,/topics/pearly-penile-papules-images/?stage=Live,https://dermnetnz.org/assets/Uploads/ppp1-small2__FocusFillWzE1MCwxMTAsIngiLDIwXQ.jpg,Images/Penile_pearly_papules.png
Perianal lichen sclerosus,/topics/perianal-lichen-sclerosus-images/?stage=Live,https://dermnetnz.org/assets/Uploads/086-small2__FocusFillWzE1MCwxMTAsIngiLDEyXQ.jpg,Images/Perianal_lichen_sclerosus.png
Perioral dermatitis,/images/periorificial-dermatitis-images/?stage=Live,https://dermnetnz.org/assets/Uploads/3413__FocusFillWzE1MCwxMTAsInkiLDFd.jpg,Images/Perioral_dermatitis.png
Perleche,/images/angular-cheilitis-images/?stage=Live,https://dermnetnz.org/assets/Uploads/perleche13-s__FocusFillWzE1MCwxMTAsInkiLDFd.jpg,Images/Perleche.png
Perlèche,/images/angular-cheilitis-images/?stage=Live,https://dermnetnz.org/assets/Uploads/perleche13-s__FocusFillWzE1MCwxMTAsInkiLDFd.jpg,Images/Perlèche.png
Phototherapy course,/image-catalogue/phototherapy-course-images/?stage=Live,https://dermnetnz.org/assets/Uploads/uva1-s__FocusFillWzE1MCwxMTAsInkiLDc3XQ.jpg,Images/Phototherapy_course.png
Piezogenic papule,/topics/piezogenic-papule-images/?stage=Live,https://dermnetnz.org/assets/Uploads/piezogenic-papules1-s__FocusFillWzE1MCwxMTAsInkiLDFd.jpg,Images/Piezogenic_papule.png
Pigmentation problem,/image-catalogue/pigmentation-problem-images/?stage=Live,https://dermnetnz.org/assets/Uploads/vitiligo-51-s__FocusFillWzE1MCwxMTAsInkiLDFd.jpg,Images/Pigmentation_problem.png
Pigmented purpura,/topics/capillaritis-images/?stage=Live,https://dermnetnz.org/assets/Uploads/2509__FocusFillWzE1MCwxMTAsIngiLDdd.jpg,Images/Pigmented_purpura.png
Pigmented purpuric lichenoid dermatosis,/topics/capillaritis-images/?stage=Live,https://dermnetnz.org/assets/Uploads/2509__FocusFillWzE1MCwxMTAsIngiLDdd.jpg,Images/Pigmented_purpuric_lichenoid_dermatosis.png
Pityriasis alba,/images/pityrasis-alba-images/?stage=Live,https://dermnetnz.org/assets/Uploads/pityriasis-alba-3-s__FocusFillWzE1MCwxMTAsInkiLDFd.jpg,Images/Pityriasis_alba.png
Pityriasis rosea,/?stage=Live,https://dermnetnz.org/assets/Uploads/pit-rosea26-s__FocusFillWzE1MCwxMTAsInkiLDFd.jpg,Images/Pityriasis_rosea.png
Pityriasis versicolor,/topics/pityriasis-versicolor-images/?stage=Live,https://dermnetnz.org/assets/Uploads/pitver2s__FocusFillWzE1MCwxMTAsInkiLDFd.jpg,Images/Pityriasis_versicolor.png
Polymorphic light eruption,/images/polymorphic-light-eruption-images/?stage=Live,https://dermnetnz.org/assets/Uploads/pmle-12__FocusFillWzE1MCwxMTAsInkiLDFd.jpg,Images/Polymorphic_light_eruption.png
Polymorphous light eruption,/images/polymorphic-light-eruption-images/?stage=Live,https://dermnetnz.org/assets/Uploads/pmle-12__FocusFillWzE1MCwxMTAsInkiLDFd.jpg,Images/Polymorphous_light_eruption.png
Pompholyx,/topics/pompholyx-images/?stage=Live,https://dermnetnz.org/assets/Uploads/3517__FocusFillWzE1MCwxMTAsInkiLDIwXQ.jpg,Images/Pompholyx.png
Pretibial myxoedema,/topics/pretibial-myxoedema-images/?stage=Live,https://dermnetnz.org/assets/Uploads/pretibial-myxoedema-17-s__FocusFillWzE1MCwxMTAsInkiLDFd.jpg,Images/Pretibial_myxoedema.png
Principals of dermatological practice course,/image-catalogue/principals-of-dermatological-practice-course-images/?stage=Live,https://dermnetnz.org/assets/Uploads/tape-reaction-s__FocusFillWzE1MCwxMTAsInkiLDFd.jpg,Images/Principals_of_dermatological_practice_course.png
Procedures,/image-catalogue/procedures-images/?stage=Live,https://dermnetnz.org/assets/Uploads/mohs5-s__FocusFillWzE1MCwxMTAsInkiLDFd.jpg,Images/Procedures.png
Prurigo of pregnancy,/topics/prurigo-of-pregnancy-images/?stage=Live,https://dermnetnz.org/assets/Uploads/prurigo-pregnancy-05-s__FocusFillWzE1MCwxMTAsInkiLDFd.jpg,Images/Prurigo_of_pregnancy.png
Psoriasis affecting the face,/topics/facial-psoriasis-images/?stage=Live,https://dermnetnz.org/assets/Uploads/facial-psoriasis13-s2__FocusFillWzE1MCwxMTAsInkiLDFd.jpg,Images/Psoriasis_affecting_the_face.png
Psoriasis of the scalp,/topics/psoriasis-of-the-scalp-images/?stage=Live,https://dermnetnz.org/assets/Uploads/3567__FocusFillWzE1MCwxMTAsInkiLDFd.jpg,Images/Psoriasis_of_the_scalp.png
Purpura annularis telangiectodes,/topics/capillaritis-images/?stage=Live,https://dermnetnz.org/assets/Uploads/2509__FocusFillWzE1MCwxMTAsIngiLDdd.jpg,Images/Purpura_annularis_telangiectodes.png
Pustular psoriasis of the hand and feet,/topics/palmoplantar-pustulosis-images/?stage=Live,https://dermnetnz.org/assets/Uploads/ppps03-s__FocusFillWzE1MCwxMTAsIngiLDld.jpg,Images/Pustular_psoriasis_of_the_hand_and_feet.png
Reactions to external agent,/image-catalogue/reactions-to-external-agent-images/?stage=Live,https://dermnetnz.org/assets/Uploads/cle1-s__FocusFillWzE1MCwxMTAsInkiLDFd.jpg,Images/Reactions_to_external_agent.png
Rhinophyma,/topics/rhinophyma-images/?stage=Live,https://dermnetnz.org/assets/Uploads/rhinophyma-03-s__FocusFillWzE1MCwxMTAsInkiLDFd.jpg,Images/Rhinophyma.png
Rodent ulcer affecting the ear,/topics/basal-cell-carcinoma-affecting-the-ear-images/?stage=Live,https://dermnetnz.org/assets/Uploads/0692__FocusFillWzE1MCwxMTAsInkiLDFd.jpg,Images/Rodent_ulcer_affecting_the_ear.png
Rodent ulcer affecting the eyelid,/topics/basal-cell-carcinoma-affecting-the-eyelid-images/?stage=Live,https://dermnetnz.org/assets/Uploads/0633__FocusFillWzE1MCwxMTAsInkiLDIwXQ.jpg,Images/Rodent_ulcer_affecting_the_eyelid.png
Rodent ulcer affecting the face,/topics/basal-cell-carcinoma-affecting-the-face-images/?stage=Live,https://dermnetnz.org/assets/Uploads/0616__FocusFillWzE1MCwxMTAsInkiLDIwXQ.jpg,Images/Rodent_ulcer_affecting_the_face.png
Rodent ulcer affecting the nose,/topics/basal-cell-carcinoma-affecting-the-nose-images/?stage=Live,https://dermnetnz.org/assets/Uploads/0629__FocusFillWzE1MCwxMTAsInkiLDIwXQ.jpg,Images/Rodent_ulcer_affecting_the_nose.png
Rodent ulcer affecting the trunk,/topics/basal-cell-carcinoma-affecting-the-trunk-images/?stage=Live,https://dermnetnz.org/assets/Uploads/0653__FocusFillWzE1MCwxMTAsInkiLDFd.jpg,Images/Rodent_ulcer_affecting_the_trunk.png
Rosacea,/images/rosacea-images/?stage=Live,https://dermnetnz.org/assets/Uploads/3618__FocusFillWzE1MCwxMTAsInkiLDFd.jpg,Images/Rosacea.png
Roseola,/topics/roseola-images/?stage=Live,https://dermnetnz.org/assets/Uploads/roseola-001__FocusFillWzE1MCwxMTAsInkiLDFd.jpg,Images/Roseola.png
SJS-TEN,/topics/sjs-ten-images/?stage=Live,https://dermnetnz.org/assets/Uploads/sjs-ten-trunk-148__FocusFillWzE1MCwxMTAsInkiLDFd.JPG,Images/SJS-TEN.png
SLE,/topics/systemic-lupus-erythematosus-images/?stage=Live,https://dermnetnz.org/assets/Uploads/sle-07-s2__FocusFillWzE1MCwxMTAsInkiLDFd.jpg,Images/SLE.png
Scabies,/images/scabies-images/?stage=Live,https://dermnetnz.org/assets/Uploads/scabies28-s__FocusFillWzE1MCwxMTAsInkiLDFd.jpg,Images/Scabies.png
Scalp folliculitis,/topics/scalp-folliculitis-images/?stage=Live,https://dermnetnz.org/assets/Uploads/3664__FocusFillWzE1MCwxMTAsIngiLDRd.jpg,Images/Scalp_folliculitis.png
Scaly skin disease,/image-catalogue/scaly-skin-disease-images/?stage=Live,https://dermnetnz.org/assets/Uploads/darier-post-s__FocusFillWzE1MCwxMTAsInkiLDFd.jpg,Images/Scaly_skin_disease.png
Schamberg disease,/topics/capillaritis-images/?stage=Live,https://dermnetnz.org/assets/Uploads/2509__FocusFillWzE1MCwxMTAsIngiLDdd.jpg,Images/Schamberg_disease.png
Sebaceous hyperplasia,/topics/sebaceous-hyperplasia-images/?stage=Live,https://dermnetnz.org/assets/Uploads/3773__FocusFillWzE1MCwxMTAsInkiLDIwXQ.jpg,Images/Sebaceous_hyperplasia.png
Seborrhoeic keratosis dermoscopy,/topics/seborrhoeic-keratosis-dermoscopy-images/?stage=Live,https://dermnetnz.org/assets/Uploads/sebk-dermoscopy31-s__FocusFillWzE1MCwxMTAsInkiLDFd.jpg,Images/Seborrhoeic_keratosis_dermoscopy.png
Seborrhoeic keratosis,/topics/seborrhoeic-keratosis-images/?stage=Live,https://dermnetnz.org/assets/Uploads/sebks21-s__FocusFillWzE1MCwxMTAsInkiLDFd.jpg,Images/Seborrhoeic_keratosis.png
Shiitake flagellate dermatitis,/topics/shiitake-flagellate-dermatitis-images/?stage=Live,https://dermnetnz.org/assets/Uploads/shiitake-flagellate-erythema-3__FocusFillWzE1MCwxMTAsInkiLDFd.jpg,Images/Shiitake_flagellate_dermatitis.png
Skin pathology,/image-catalogue/skin-pathology-images/?stage=Live,https://dermnetnz.org/assets/Uploads/igg4-related-3-sm__FocusFillWzE1MCwxMTAsInkiLDBd.jpg,Images/Skin_pathology.png
Skin signs of systemic disease,/image-catalogue/skin-signs-of-systemic-disease-images/?stage=Live,https://dermnetnz.org/assets/Uploads/tuberous-sclerosis02-s__FocusFillWzE1MCwxMTAsInkiLDBd.jpg,Images/Skin_signs_of_systemic_disease.png
Skin tag,/topics/skin-tag-images/?stage=Live,https://dermnetnz.org/assets/Uploads/skintag03-s__FocusFillWzE1MCwxMTAsInkiLDFd.jpg,Images/Skin_tag.png
Solar keratosis affecting the face,/topics/actinic-keratosis-face-images/?stage=Live,https://dermnetnz.org/assets/Uploads/248__FocusFillWzE1MCwxMTAsInkiLDFd.jpg,Images/Solar_keratosis_affecting_the_face.png
Solar keratosis affecting the hand,/topics/actinic-keratosis-affecting-the-hand-images/?stage=Live,https://dermnetnz.org/assets/Uploads/393__FocusFillWzE1MCwxMTAsInkiLDFd.jpg,Images/Solar_keratosis_affecting_the_hand.png
Solar keratosis affecting the legs and feet,/topics/actinic-keratosis-leg-and-foot-images/?stage=Live,https://dermnetnz.org/assets/Uploads/478__FocusFillWzE1MCwxMTAsInkiLDFd.jpg,Images/Solar_keratosis_affecting_the_legs_and_feet.png
Solar keratosis affecting the scalp,/topics/actinic-keratosis-scalp-images/?stage=Live,https://dermnetnz.org/assets/Uploads/418__FocusFillWzE1MCwxMTAsInkiLDFd.jpg,Images/Solar_keratosis_affecting_the_scalp.png
Solar keratosis on the nose,/topics/actinic-keratosis-on-the-nose-images/?stage=Live,https://dermnetnz.org/assets/Uploads/sks-nose3-s__FocusFillWzE1MCwxMTAsInkiLDFd.jpg,Images/Solar_keratosis_on_the_nose.png
Solar keratosis treated with imiquimod,/topics/actinic-keratosis-imiquimod-images/?stage=Live,https://dermnetnz.org/assets/Uploads/3723__FocusFillWzE1MCwxMTAsInkiLDFd.jpg,Images/Solar_keratosis_treated_with_imiquimod.png
Solar lentigo,/topics/solar-lentigo-images/?stage=Live,https://dermnetnz.org/assets/Uploads/solar-lentigo-11-s__FocusFillWzE1MCwxMTAsInkiLDBd.jpg,Images/Solar_lentigo.png
Spa pool folliculitis,/topics/spa-pool-folliculitis-images/?stage=Live,https://dermnetnz.org/assets/Uploads/3796__FocusFillWzE1MCwxMTAsInkiLDFd.jpg,Images/Spa_pool_folliculitis.png
Spider naevus,/topics/spider-telangiectasis-images/?stage=Live,https://dermnetnz.org/assets/Uploads/spider-ang5-s2__FocusFillWzE1MCwxMTAsInkiLDFd.jpg,Images/Spider_naevus.png
Spider telangiectasis,/topics/spider-telangiectasis-images/?stage=Live,https://dermnetnz.org/assets/Uploads/spider-ang5-s__FocusFillWzE1MCwxMTAsInkiLDFd.jpg,Images/Spider_telangiectasis.png
Squamous cell carcinoma of limbs,/topics/squamous-cell-carcinoma-of-limbs-images/?stage=Live,https://dermnetnz.org/assets/Uploads/3958__FocusFillWzE1MCwxMTAsInkiLDFd.jpg,Images/Squamous_cell_carcinoma_of_limbs.png
Squamous cell carcinoma of the ear,/topics/squamous-cell-carcinoma-of-the-ear-images/?stage=Live,https://dermnetnz.org/assets/Uploads/3936__FocusFillWzE1MCwxMTAsInkiLDFd.jpg,Images/Squamous_cell_carcinoma_of_the_ear.png
Squamous cell carcinoma of the lip,/topics/squamous-cell-carcinoma-of-the-lip-images/?stage=Live,https://dermnetnz.org/assets/Uploads/3930__FocusFillWzE1MCwxMTAsInkiLDIwXQ.jpg,Images/Squamous_cell_carcinoma_of_the_lip.png
Squamous cell carcinoma on the face,/topics/squamous-cell-carcinoma-on-the-face-images/?stage=Live,https://dermnetnz.org/assets/Uploads/3938__FocusFillWzE1MCwxMTAsInkiLDIwXQ.jpg,Images/Squamous_cell_carcinoma_on_the_face.png
Staphylococcal scalded skin,/images/staphylococcal-scalded-skin-syndrome-images/?stage=Live,https://dermnetnz.org/assets/Uploads/ssss-029__FocusFillWzE1MCwxMTAsInkiLDZd.JPG,Images/Staphylococcal_scalded_skin.png
Steroid acne,/topics/steroid-acne-images/?stage=Live,https://dermnetnz.org/assets/Uploads/steroid-acne-s__FocusFillWzE1MCwxMTAsInkiLDFd.jpg,Images/Steroid_acne.png
Subungual haemorrhage,/?stage=Live,https://dermnetnz.org/assets/Uploads/subungual-haematoma-5-v2__FocusFillWzE1MCwxMTAsInkiLDEyXQ.JPG,Images/Subungual_haemorrhage.png
Superficial spreading melanoma,/images/superficial-spreading-melanoma-images/?stage=Live,https://dermnetnz.org/assets/Uploads/ssm42__FocusFillWzE1MCwxMTAsInkiLDFd.jpg,Images/Superficial_spreading_melanoma.png
Supernumerary nipple,/topics/supernumerary-nipple-images/?stage=Live,https://dermnetnz.org/assets/Uploads/supernumerary-nipple-03-s__FocusFillWzE1MCwxMTAsInkiLDFd.jpg,Images/Supernumerary_nipple.png
Syphilis,/topics/syphilis-images/?stage=Live,https://dermnetnz.org/assets/Uploads/syphilis-8__FocusFillWzE1MCwxMTAsInkiLDFd.JPG,Images/Syphilis.png
Systemic lupus erythematosus,/topics/systemic-lupus-erythematosus-images/?stage=Live,https://dermnetnz.org/assets/Uploads/sle-07-s__FocusFillWzE1MCwxMTAsInkiLDFd.jpg,Images/Systemic_lupus_erythematosus.png
Tinea corporis,/topics/tinea-corporis-images/?stage=Live,https://dermnetnz.org/assets/Uploads/tincorp9-s__FocusFillWzE1MCwxMTAsInkiLDFd.jpg,Images/Tinea_corporis.png
Tinea pedis,/topics/tinea-pedis-images/?stage=Live,https://dermnetnz.org/assets/Uploads/tinped13-s__FocusFillWzE1MCwxMTAsInkiLDFd.jpg,Images/Tinea_pedis.png
Transient acantholytic dermatosis,/topics/transient-acantholytic-dermatosis-images/?stage=Live,https://dermnetnz.org/assets/Uploads/scaly/grover4__FocusFillWzE1MCwxMTAsInkiLDFd.jpg,Images/Transient_acantholytic_dermatosis.png
Treatment,/image-catalogue/treatment-images/?stage=Live,https://dermnetnz.org/assets/Uploads/adalimumab11-s__FocusFillWzE1MCwxMTAsInkiLDFd.jpg,Images/Treatment.png
Trichotillomania,/topics/trichotillomania-images/?stage=Live,https://dermnetnz.org/assets/Uploads/trichotillomania-6__FocusFillWzE1MCwxMTAsInkiLDFd.jpg,Images/Trichotillomania.png
Tuberous sclerosis,/topics/tuberous-sclerosis-images/?stage=Live,https://dermnetnz.org/assets/Uploads/tuberous-sclerosis05-s__FocusFillWzE1MCwxMTAsInkiLDFd.jpg,Images/Tuberous_sclerosis.png
Ungual squamous cell carcinoma in situ,/topics/ungual-squamous-cell-carcinoma-in-situ-images/?stage=Live,https://dermnetnz.org/assets/Uploads/ungual-scc2-s__FocusFillWzE1MCwxMTAsInkiLDFd.jpg,Images/Ungual_squamous_cell_carcinoma_in_situ.png
Urticaria,/topics/urticaria-images/?stage=Live,https://dermnetnz.org/assets/Uploads/urticaria7-s__FocusFillWzE1MCwxMTAsInkiLDFd.jpg,Images/Urticaria.png
Urticarial vasculitis,/topics/urticarial-vasculitis-images/?stage=Live,https://dermnetnz.org/assets/Uploads/3802-big2__FocusFillWzE1MCwxMTAsInkiLDFd.jpg,Images/Urticarial_vasculitis.png
Varicella,/topics/varicella-images/?stage=Live,https://dermnetnz.org/assets/Uploads/hzv-close-s__FocusFillWzE1MCwxMTAsInkiLDFd.jpg,Images/Varicella.png
Vascular malformation,/topics/vascular-malformation/?stage=Live,https://dermnetnz.org/assets/Uploads/vascular-malformation13-s__FocusFillWzE1MCwxMTAsInkiLDBd.jpg,Images/Vascular_malformation.png
Vasculitis,/topics/vasculitis-images/?stage=Live,https://dermnetnz.org/assets/Uploads/2577__FocusFillWzE1MCwxMTAsInkiLDFd.jpg,Images/Vasculitis.png
Venous lake,/topics/venous-lake-images/?stage=Live,https://dermnetnz.org/assets/Uploads/ven-lake6-s__FocusFillWzE1MCwxMTAsInkiLDFd.jpg,Images/Venous_lake.png
Viral skin infections,/image-catalogue/viral-skin-infections/?stage=Live,https://dermnetnz.org/assets/Uploads/viral-wart-07-s__FocusFillWzE1MCwxMTAsInkiLDBd.jpg,Images/Viral_skin_infections.png
Viral warts,/topics/viral-warts-images/?stage=Live,https://dermnetnz.org/assets/Uploads/viral-wart-23-s__FocusFillWzE1MCwxMTAsInkiLDFd.jpg,Images/Viral_warts.png
Vitiligo,/images/vitiligo-images/?stage=Live,https://dermnetnz.org/assets/Uploads/vitiligo4-s__FocusFillWzE1MCwxMTAsInkiLDFd.jpg,Images/Vitiligo.png
Vulval cancer,/images/vulval-cancer-images/?stage=Live,https://dermnetnz.org/assets/Uploads/ca-v1-s4__FocusFillWzE1MCwxMTAsIngiLDU2XQ.JPG,Images/Vulval_cancer.png
Vulval erosive lichen planus,/images/vulval-erosive-lichen-planus-images/?stage=Live,https://dermnetnz.org/assets/Uploads/2388-small2__FocusFillWzE1MCwxMTAsIngiLDM4XQ.jpg,Images/Vulval_erosive_lichen_planus.png
Vulval intraepithelial neoplasia,/topics/vulval-intraepithelial-neoplasia-images/?stage=Live,https://dermnetnz.org/assets/Uploads/vin3-s__FocusFillWzE1MCwxMTAsInkiLDM0XQ.jpg,Images/Vulval_intraepithelial_neoplasia.png
Vulval lichen planus,/images/genital-lichen-planus-images/?stage=Live,https://dermnetnz.org/assets/Uploads/2381-s3__FocusFillWzE1MCwxMTAsInkiLDEwXQ.jpg,Images/Vulval_lichen_planus.png
Vulval lichen sclerosus,/topics/vulval-lichen-sclerosus-images/?stage=Live,https://dermnetnz.org/assets/Uploads/074__FocusFillWzE1MCwxMTAsIngiLDI2XQ.jpg,Images/Vulval_lichen_sclerosus.png
Vulval ulcer,/topics/vulval-ulcer-images/?stage=Live,https://dermnetnz.org/assets/Uploads/vulval-ulcer2-small2__FocusFillWzE1MCwxMTAsInkiLDFd.jpg,Images/Vulval_ulcer.png
Vulvovaginal candidiasis,/topics/vulvovaginal-candidiasis-images/?stage=Live,https://dermnetnz.org/assets/Uploads/candida2-s__FocusFillWzE1MCwxMTAsInkiLDE2XQ.jpg,Images/Vulvovaginal_candidiasis.png
Xanthelasma,/topics/xanthelasma-images/?stage=Live,https://dermnetnz.org/assets/Uploads/xanthelasma29-s__FocusFillWzE1MCwxMTAsInkiLDFd.jpg,Images/Xanthelasma.png
Xeroderma pigmentosum,/topics/xeroderma-pigmentosum-images/?stage=Live,https://dermnetnz.org/assets/Uploads/xeroderma-pigmentosum-18__FocusFillWzE1MCwxMTAsInkiLDFd.jpg,Images/Xeroderma_pigmentosum.png
